{"cameraMode":{"drawMode":0,"name":"Shaded","section":"Shading Mode"},"sceneLighting":false,"audioPlay":false,"sceneViewState":{"showFog":true,"showMaterialUpdate":false,"showSkybox":false,"showFlares":true,"showImageEffects":true,"showParticleSystems":true},"in2DMode":false,"pivot":{"x":-4.910116195678711,"y":1.6524423360824586,"z":4.21511173248291},"rotation":{"x":-0.006858478300273418,"y":0.7576903700828552,"z":-0.007950695231556893,"w":-0.6525768637657166},"size":12.425893783569336,"orthographic":false}